{"cameraMode":{"drawMode":0,"name":"Shaded","section":"Shading Mode"},"sceneLighting":true,"audioPlay":false,"sceneViewState":{"m_AlwaysRefresh":false,"showFog":true,"showSkybox":true,"showFlares":true,"showImageEffects":true,"showParticleSystems":true,"showVisualEffectGraphs":true,"m_FxEnabled":true},"in2DMode":false,"pivot":{"x":0.2269268035888672,"y":-0.7182693481445313,"z":3.4753847122192385},"rotation":{"x":0.22583931684494019,"y":-0.2255418598651886,"z":0.05381465703248978,"w":0.9461803436279297},"size":5.457693099975586,"orthographic":true}