{"cameraMode":{"drawMode":0,"name":"Shaded","section":"Shading Mode"},"sceneLighting":true,"audioPlay":false,"sceneViewState":{"m_AlwaysRefresh":false,"showFog":true,"showSkybox":true,"showFlares":true,"showImageEffects":true,"showParticleSystems":true,"showVisualEffectGraphs":true,"m_FxEnabled":true},"in2DMode":false,"pivot":{"x":0.2269268035888672,"y":-0.7182693481445313,"z":3.4753847122192385},"rotation":{"x":0.23866300284862519,"y":-0.6144084334373474,"z":0.20243509113788606,"w":0.7242836356163025},"size":2.8710403442382814,"orthographic":true}