{"cameraMode":{"drawMode":0,"name":"Shaded","section":"Shading Mode"},"sceneLighting":true,"audioPlay":false,"sceneViewState":{"m_AlwaysRefresh":false,"showFog":true,"showSkybox":true,"showFlares":true,"showImageEffects":true,"showParticleSystems":true,"showVisualEffectGraphs":true,"m_FxEnabled":true},"in2DMode":false,"pivot":{"x":1.3892698287963868,"y":0.43685197830200198,"z":3.458798885345459},"rotation":{"x":0.3911305367946625,"y":-0.1542997509241104,"z":0.06669515371322632,"w":0.9048604369163513},"size":2.825071096420288,"orthographic":true}